white,black,result,utc_date_time,time_control
bfg9k,mamalak,1-0,2012-12-31 23:01:03,600+8
desmond_wilson,savinka59,1-0,2012-12-31 23:04:12,480+2
kozakmamay007,vanillashamanilla,1-0,2012-12-31 23:03:15,420+17
naitero_nagasaki,800,0-1,2012-12-31 23:04:57,60+1
nichiren1967,naitero_nagasaki,0-1,2012-12-31 23:02:37,60+1
sport,shamirbj,1-0,2012-12-31 23:09:21,300+3
tiggran,arion_6,0-1,2012-12-31 23:02:14,300+0
hostking,troepianiz,1-0,2012-12-31 23:06:10,540+0
manos68,jtkjtkful,1-0,2012-12-31 23:03:50,900+0
adamsrj,hamiakaz,0-1,2012-12-31 23:02:48,180+5
bfg9k,sagaz,0-1,2012-12-31 23:07:33,600+8
arion_6,naitero_nagasaki,0-1,2012-12-31 23:09:29,300+8
kozakmamay007,vadi,1-0,2012-12-31 23:10:03,420+17
abd0,killi,1-0,2012-12-31 23:08:21,420+0
nichiren1967,chinokoli,1/2-1/2,2012-12-31 23:04:28,300+0
troepianiz,hostking,0-1,2012-12-31 23:15:00,540+0
voltvolf,marzinkus,1-0,2012-12-31 23:10:00,360+6
vanillashamanilla,mamalak,1-0,2012-12-31 23:09:26,1200+0
savinka59,desmond_wilson,1-0,2012-12-31 23:10:44,480+2
killi,abd0,1-0,2012-12-31 23:16:04,420+0
ghosty,jorespi,1-0,2012-12-31 23:09:39,300+0
6wx,adamsrj,1-0,2012-12-31 23:16:04,1560+30
georgek,b777,1-0,2012-12-31 23:12:39,300+2
chinokoli,nichiren1967,1-0,2012-12-31 23:11:15,300+0
sebastian44,ticotico,1-0,2012-12-31 23:12:46,300+5
federico,naitero_nagasaki,1-0,2012-12-31 23:12:31,300+0
hostking,troepianiz,0-1,2012-12-31 23:18:19,540+0
800,voltvolf,1-0,2012-12-31 23:17:15,60+1
jorespi,marzinkus,1-0,2012-12-31 23:18:24,360+6
omarojo,josefo,1-0,2012-12-31 23:18:49,300+8
cheesedout,pseudoknight,1-0,2012-12-31 23:18:51,60+0
abd0,killi,0-1,2012-12-31 23:19:01,420+0
j-jorjik,jesuss,1-0,2012-12-31 23:19:27,480+8
barriosgb2,boss92,0-1,2012-12-31 23:20:14,60+0
sport,georgek,0-1,2012-12-31 23:20:40,300+3
adamsrj,6wx,1-0,2012-12-31 23:21:14,1560+30
sebastian44,jtkjtkful,0-1,2012-12-31 23:24:11,300+5
migsan,marc0,1-0,2012-12-31 23:23:14,420+0
metrolog,b777,1-0,2012-12-31 23:22:12,180+15
desmond_wilson,ghosty,0-1,2012-12-31 23:25:46,240+0
naitero_nagasaki,arion_6,0-1,2012-12-31 23:26:10,300+8
tiggran,barriosgb2,1-0,2012-12-31 23:08:52,300+0
troepianiz,hostking,0-1,2012-12-31 23:25:04,540+0
pseudoknight,ben_dover,0-1,2012-12-31 23:26:03,60+1
ben_dover,pseudoknight,0-1,2012-12-31 23:28:33,60+1
jonathan_52,jtkjtkful,0-1,2012-12-31 23:28:46,60+0
migsan,marc0,1-0,2012-12-31 23:28:48,420+0
sebastian44,milligan,1-0,2012-12-31 23:29:30,300+5
killi,abd0,1-0,2012-12-31 23:30:54,420+0
jtkjtkful,jonathan_52,1-0,2012-12-31 23:30:58,60+0
6wx,adamsrj,0-1,2012-12-31 23:31:06,1560+30
jorespi,marzinkus,1/2-1/2,2012-12-31 23:31:18,360+6
pseudoknight,ben_dover,0-1,2012-12-31 23:31:51,60+0
desmond_wilson,sig,0-1,2012-12-31 23:32:14,420+9
ben_dover,pseudoknight,1-0,2012-12-31 23:33:24,60+0
cheesedout,sonie,0-1,2012-12-31 23:34:10,60+0
sebastian44,jtkjtkful,1-0,2012-12-31 23:34:23,300+5
barriosgb2,ghosty,1-0,2012-12-31 23:33:32,240+0
abd0,killi,0-1,2012-12-31 23:35:21,420+0
j-jorjik,maroz,0-1,2012-12-31 23:34:59,480+8
pseudoknight,ben_dover,0-1,2012-12-31 23:35:47,60+0
jonathan_52,1000,0-1,2012-12-31 23:34:22,60+0
1000,jonathan_52,1-0,2012-12-31 23:36:30,60+0
schutzstaffel,marc0,1-0,2012-12-31 23:37:20,60+0
rodney,neto391994,1-0,2012-12-31 23:30:49,480+0
sonie,gardo,1-0,2012-12-31 23:35:50,60+0
ricodelacasita,cheesedout,0-1,2012-12-31 23:36:49,60+0
tiggran,maslick,0-1,2012-12-31 23:37:54,300+0
sebastian44,metrolog,0-1,2012-12-31 23:37:59,300+5
ben_dover,pseudoknight,1-0,2012-12-31 23:38:38,60+0
jonathan_52,1000,0-1,2012-12-31 23:38:53,60+0
gardo,sonie,0-1,2012-12-31 23:38:47,60+0
nujabes,boss92,1-0,2012-12-31 23:39:21,60+0
beibus,carroll,0-1,2012-12-31 23:39:49,180+3
tarasss,mariss,0-1,2012-12-31 23:38:05,660+0
barriosgb2,georgek,1-0,2012-12-31 23:40:32,180+0
cheesedout,ricodelacasita,0-1,2012-12-31 23:39:27,60+0
joecasatro,?,0-1,2012-12-31 23:41:40,300+3
adamsrj,6wx,1-0,2012-12-31 23:40:11,1560+30
sonie,gardo,1-0,2012-12-31 23:41:05,60+0
ricodelacasita,cheesedout,0-1,2012-12-31 23:41:34,60+0
schutzstaffel,nujabes,0-1,2012-12-31 23:43:07,60+0
jonathan_52,1000,0-1,2012-12-31 23:42:21,60+0
hostking,maslick,1-0,2012-12-31 23:42:49,540+0
fifthcategory,heypepito,0-1,2012-12-31 23:42:54,180+0
gardo,boss92,1-0,2012-12-31 23:43:50,60+0
b777,notgoodatthis,1-0,2012-12-31 23:41:46,300+8
neto391994,rodney,1-0,2012-12-31 23:44:02,480+0
schutzstaffel,nujabes,0-1,2012-12-31 23:44:10,60+0
cheesedout,ricodelacasita,0-1,2012-12-31 23:44:01,60+0
1000,giao,1-0,2012-12-31 23:44:48,0+1
ben_dover,schutzstaffel,1-0,2012-12-31 23:40:47,60+0
excel,vanillashamanilla,1-0,2012-12-31 23:40:45,600+5
rennigeb,zanella,0-1,2012-12-31 23:50:26,600+3
batalha,chess345,0-1,2012-12-31 23:45:26,120+0
mariss,tarasss,1-0,2012-12-31 23:46:35,660+0
1000,giao,1-0,2012-12-31 23:46:36,0+1
boss92,gardo,1-0,2012-12-31 23:46:38,60+0
metrolog,vadi,1-0,2012-12-31 23:46:41,180+15
schutzstaffel,giao,1-0,2012-12-31 23:46:57,60+0
gardo,boss92,1-0,2012-12-31 23:47:01,60+0
1000,t4nk,1-0,2012-12-31 23:47:08,0+1
schutzstaffel,ricodelacasita,1-0,2012-12-31 23:51:46,60+0
ricodelacasita,cheesedout,0-1,2012-12-31 23:47:29,60+0
pseudoknight,nujabes,1-0,2012-12-31 23:47:41,60+1
t4nk,1000,0-1,2012-12-31 23:48:16,0+1
schutzstaffel,giao,1-0,2012-12-31 23:49:17,60+0
boss92,gardo,0-1,2012-12-31 23:49:23,60+0
1000,t4nk,1-0,2012-12-31 23:49:36,0+1
fifthcategory,chinokoli,1-0,2012-12-31 23:50:19,180+0
b777,marzinkus,0-1,2012-12-31 23:51:00,360+6
cheesedout,krieg,1-0,2012-12-31 23:51:14,60+0
nujabes,ben_dover,0-1,2012-12-31 23:52:57,60+0
maslick,hostking,1-0,2012-12-31 23:51:19,540+0
gardo,boss92,1-0,2012-12-31 23:51:43,60+0
jorespi,sanuch111,1-0,2012-12-31 23:51:38,300+4
sig,desmond_wilson,1-0,2012-12-31 23:51:45,420+9
t4nk,1000,0-1,2012-12-31 23:52:35,0+1
kyklades,mariss,1-0,2012-12-31 23:52:43,240+0
krieg,cheesedout,1-0,2012-12-31 23:53:30,60+0
1000,t4nk,1-0,2012-12-31 23:53:32,0+1
tarasss,djarfur,0-1,2012-12-31 23:53:36,180+0
t4nk,1000,0-1,2012-12-31 23:53:53,0+1
schutzstaffel,heypepito,1-0,2012-12-31 23:53:33,60+0
1000,t4nk,1-0,2012-12-31 23:55:28,0+1
fifthcategory,chinokoli,1-0,2012-12-31 23:56:27,180+0
schutzstaffel,nujabes,1-0,2012-12-31 23:56:31,60+0
papachaco,metrolog,1-0,2012-12-31 23:56:47,300+0
t4nk,1000,1-0,2012-12-31 23:56:58,0+1
ricodelacasita,cheesedout,1-0,2012-12-31 23:57:15,60+0
mariss,kyklades,1/2-1/2,2012-12-31 23:58:36,240+0
1000,t4nk,1-0,2012-12-31 23:58:51,0+1
ghosty,angrom,0-1,2012-12-31 23:59:24,240+0
schutzstaffel,nujabes,1-0,2012-12-31 23:59:36,60+0
airtsart,neuronchess,1-0,2012-12-31 23:59:44,480+0
tiggran,boss92,1-0,2013-01-01 00:00:00,60+0
legendary_erfan,cheesedout,0-1,2013-01-01 00:00:20,60+0
krieg,t4nk,0-1,2013-01-01 00:00:52,60+1
schutzstaffel,batalha,1-0,2013-01-01 00:07:03,60+0
cheesedout,legendary_erfan,1-0,2013-01-01 00:01:23,60+0
schutzstaffel,etewut,1-0,2013-01-01 00:01:28,60+0
joecasatro,t4nk,0-1,2013-01-01 00:01:34,0+1
peter2,vanillashamanilla,1-0,2013-01-01 00:02:03,480+0
j-jorjik,6wx,1-0,2013-01-01 00:02:51,480+8
tiggran,rasmussenesq,1-0,2013-01-01 00:03:20,300+0
legendary_erfan,cheesedout,0-1,2013-01-01 00:03:59,60+0
schutzstaffel,batalha,1-0,2013-01-01 00:03:42,60+0
krieg,chess345,0-1,2013-01-01 00:05:10,60+1
kyklades,mariss,1-0,2013-01-01 00:06:11,240+0
batalha,t4nk,0-1,2013-01-01 00:05:51,0+1
fifthcategory,chinokoli,0-1,2013-01-01 00:06:13,180+0
cheesedout,legendary_erfan,1-0,2013-01-01 00:06:13,60+0
papachaco,metrolog,1-0,2013-01-01 00:06:14,300+0
dipo_a,marzinkus,1-0,2013-01-01 00:06:44,360+6
namesnik,t4nk,0-1,2013-01-01 00:07:21,0+1
schutzstaffel,hephesto,1-0,2013-01-01 00:09:24,60+0
airtsart,chess345,1/2-1/2,2013-01-01 00:07:33,180+0
zanella,neuronchess,1-0,2013-01-01 00:07:53,480+0
djarfur,blizz,1-0,2013-01-01 00:08:05,300+0
twokings,adrnlnnjectd,0-1,2013-01-01 00:08:08,720+0
peter2,maroz,1-0,2013-01-01 00:08:20,480+0
legendary_erfan,cheesedout,0-1,2013-01-01 00:08:34,60+0
desmond_wilson,sig,0-1,2013-01-01 00:09:13,420+9
namesnik,t4nk,1/2-1/2,2013-01-01 00:08:35,0+1
danut68,serge,1-0,2013-01-01 00:14:42,300+0
fifthcategory,chinokoli,0-1,2013-01-01 00:10:21,180+0
cheesedout,legendary_erfan,1-0,2013-01-01 00:10:52,60+0
batalha,tiggran,0-1,2013-01-01 00:10:58,120+0
schutzstaffel,t4nk,1-0,2013-01-01 00:11:21,60+0
vadi,marzinkus,0-1,2013-01-01 00:12:08,480+8
shlomo,namesnik,1-0,2013-01-01 00:12:32,120+0
legendary_erfan,cheesedout,0-1,2013-01-01 00:12:41,60+0
beibus,troepianiz,1-0,2013-01-01 00:13:26,300+8
nichiren1967,barriosgb2,0-1,2013-01-01 00:13:36,60+1
schutzstaffel,t4nk,1-0,2013-01-01 00:14:05,60+0
chess345,bcj,1-0,2013-01-01 00:14:18,300+0
schutzstaffel,t4nk,1-0,2013-01-01 00:15:01,60+0
papachaco,metrolog,1-0,2013-01-01 00:15:18,300+0
gez,jtkjtkful,1-0,2013-01-01 00:16:21,300+1
namesnik,kyklades,1-0,2013-01-01 00:16:37,240+0
tiggran,georgek,1-0,2013-01-01 00:13:03,300+0
batalha,jlfs,0-1,2013-01-01 00:13:36,120+0
schutzstaffel,t4nk,1-0,2013-01-01 00:17:32,60+0
cheesedout,nichiren1967,1-0,2013-01-01 00:17:41,60+0
fifthcategory,chinokoli,0-1,2013-01-01 00:17:50,180+0
legendary_erfan,chess345,0-1,2013-01-01 00:17:51,60+0
jesse,jlfs,0-1,2013-01-01 00:18:23,120+0
gez,jtkjtkful,1-0,2013-01-01 00:19:03,300+1
legendary_erfan,chess345,0-1,2013-01-01 00:19:40,60+0
nichiren1967,cheesedout,0-1,2013-01-01 00:19:44,60+0
schutzstaffel,t4nk,1-0,2013-01-01 00:19:50,60+0
schutzstaffel,t4nk,1-0,2013-01-01 00:20:41,60+0
chess345,barriosgb2,1-0,2013-01-01 00:20:52,120+0
legendary_erfan,hephesto,0-1,2013-01-01 00:20:58,60+0
cheesedout,nichiren1967,1-0,2013-01-01 00:20:58,60+0
schutzstaffel,t4nk,1-0,2013-01-01 00:21:08,60+0
fifthcategory,chinokoli,0-1,2013-01-01 00:21:23,180+0
gez,marco0019,1-0,2013-01-01 00:21:24,300+1
schutzstaffel,joecasatro,1-0,2013-01-01 00:21:43,60+0
shlomo,t4nk,1-0,2013-01-01 00:21:39,0+1
legendary_erfan,mariss,0-1,2013-01-01 00:15:38,60+0
krieg,namesnik,1-0,2013-01-01 00:22:05,60+1
shlomo,t4nk,1-0,2013-01-01 00:22:11,0+1
georgek,jlfs,1-0,2013-01-01 00:22:41,120+0
shlomo,t4nk,1-0,2013-01-01 00:23:06,0+1
nichiren1967,cheesedout,0-1,2013-01-01 00:23:26,60+0
schutzstaffel,legendary_erfan,1-0,2013-01-01 00:23:50,60+0
tiggran,serge,1-0,2013-01-01 00:24:12,300+0
hephesto,t4nk,1-0,2013-01-01 00:24:17,0+1
batalha,shlomo,0-1,2013-01-01 00:24:19,120+0
danut68,kyklades,0-1,2013-01-01 00:24:39,240+0
schutzstaffel,namesnik,1-0,2013-01-01 00:25:17,60+0
krieg,t4nk,1-0,2013-01-01 00:25:26,0+1
legendary_erfan,hephesto,0-1,2013-01-01 00:26:05,60+0
rasmussenesq,metrolog,1-0,2013-01-01 00:26:06,120+2
krieg,t4nk,1-0,2013-01-01 00:26:13,0+1
cheesedout,nichiren1967,1-0,2013-01-01 00:26:38,60+0
papachaco,namesnik,0-1,2013-01-01 00:26:40,300+0
schutzstaffel,krieg,1-0,2013-01-01 00:27:12,60+0
batalha,t4nk,1-0,2013-01-01 00:27:49,0+1
krieg,t4nk,1-0,2013-01-01 00:28:29,0+1
georgek,neuronchess,0-1,2013-01-01 00:28:35,480+0
schutzstaffel,shlomo,1/2-1/2,2013-01-01 00:28:36,60+0
nichiren1967,cheesedout,0-1,2013-01-01 00:28:51,60+0
hephesto,legendary_erfan,1-0,2013-01-01 00:28:53,60+0
adrnlnnjectd,batalha,0-1,2013-01-01 00:28:53,600+10
sig,desmond_wilson,1-0,2013-01-01 00:29:20,420+9
fifthcategory,luminosity,1-0,2013-01-01 00:29:59,180+0
vivelafete,namesnik,0-1,2013-01-01 00:33:27,180+0
gez,marco0019,0-1,2013-01-01 00:30:22,300+1
6wx,rasmussenesq,0-1,2013-01-01 00:30:58,120+2
j-jorjik,metrolog,0-1,2013-01-01 00:31:12,480+8
krieg,t4nk,0-1,2013-01-01 00:31:17,0+1
cheesedout,nichiren1967,1-0,2013-01-01 00:31:15,60+0
schutzstaffel,legendary_erfan,1-0,2013-01-01 00:31:49,60+0
dissident_with_love,beibus,1-0,2013-01-01 00:32:15,300+8
krieg,t4nk,1-0,2013-01-01 00:32:28,0+1
vadi,neuronchess,0-1,2013-01-01 00:37:55,480+0
legendary_erfan,4di4,1-0,2013-01-01 00:39:00,60+0
twokings,peter2,1-0,2013-01-01 00:32:40,720+0
kyklades,danut68,1-0,2013-01-01 00:33:21,240+0
legendary_erfan,schutzstaffel,0-1,2013-01-01 00:33:25,60+0
krieg,t4nk,1-0,2013-01-01 00:33:46,0+1
nichiren1967,cheesedout,0-1,2013-01-01 00:33:57,60+0
schutzstaffel,legendary_erfan,1-0,2013-01-01 00:34:48,60+0
troepianiz,chinokoli,0-1,2013-01-01 00:35:13,300+8
krieg,t4nk,1-0,2013-01-01 00:35:02,0+1
legendary_erfan,schutzstaffel,0-1,2013-01-01 00:36:40,60+0
cheesedout,nichiren1967,1-0,2013-01-01 00:36:53,60+0
schutzstaffel,luminosity,1-0,2013-01-01 00:37:48,60+0
lamobot,rasmussenesq,1-0,2013-01-01 00:37:10,120+3
krieg,t4nk,0-1,2013-01-01 00:38:34,0+1
theweebles,adrnlnnjectd,0-1,2013-01-01 00:39:20,480+0
krieg,2girls1cup,0-1,2013-01-01 00:39:49,120+2
schutzstaffel,t4nk,1-0,2013-01-01 00:39:51,60+0
4di4,legendary_erfan,0-1,2013-01-01 00:40:24,60+0
namesnik,cheesedout,0-1,2013-01-01 00:40:26,60+0
vivelafete,luminosity,1-0,2013-01-01 00:40:35,180+0
2girls1cup,krieg,0-1,2013-01-01 00:40:53,120+2
peter2,throwaway,1-0,2013-01-01 00:41:44,300+0
legendary_erfan,hephesto,0-1,2013-01-01 00:43:11,60+0
vivelafete,namesnik,1-0,2013-01-01 00:43:15,180+0
twokings,sinic,0-1,2013-01-01 00:44:48,720+0
rambo007max,mufasa,0-1,2013-01-01 00:45:11,600+6
j-jorjik,metrolog,1-0,2013-01-01 00:45:33,480+8
krieg,2girls1cup,1-0,2013-01-01 00:45:51,120+2
lifeofmg,al3103,0-1,2013-01-01 00:45:53,900+0
namesnik,cheesedout,0-1,2013-01-01 00:46:47,60+0
vivelafete,cougar1,1-0,2013-01-01 00:47:25,180+0
sinic,marzinkus,0-1,2013-01-01 00:48:08,480+8
rasmussenesq,lamobot,1-0,2013-01-01 00:48:09,120+3
cheesedout,namesnik,1-0,2013-01-01 00:48:32,60+0
sport,dissident_with_love,1-0,2013-01-01 00:43:55,300+3
t4nk,cheesedout,0-1,2013-01-01 00:55:34,60+0
sport,angrom,0-1,2013-01-01 00:56:33,300+3
driverblag,psonio,0-1,2013-01-01 00:48:52,360+2
vivelafete,kyklades,0-1,2013-01-01 00:50:13,240+0
2girls1cup,krieg,1/2-1/2,2013-01-01 00:50:24,120+2
namesnik,cheesedout,0-1,2013-01-01 00:50:31,60+0
peter2,killi,0-1,2013-01-01 00:51:20,480+0
cheesedout,namesnik,1-0,2013-01-01 00:52:42,60+0
driverblag,blizz,0-1,2013-01-01 00:55:21,300+0
desmond_wilson,t4nk,0-1,2013-01-01 00:53:44,0+1
desmond_wilson,t4nk,0-1,2013-01-01 00:54:22,0+1
desmond_wilson,t4nk,0-1,2013-01-01 00:55:07,0+1
krieg,2girls1cup,1-0,2013-01-01 00:56:39,120+2
h___n,theweebles,0-1,2013-01-01 00:56:46,480+0
dbnp,?,1-0,2013-01-01 00:57:27,-
adrnlnnjectd,desmond_wilson,0-1,2013-01-01 00:57:08,600+10
peter2,killi,0-1,2013-01-01 00:57:44,480+0
cheesedout,t4nk,1-0,2013-01-01 00:57:55,60+0
krieg,2girls1cup,0-1,2013-01-01 01:04:03,60+1
sport,dangercat,1-0,2013-01-01 00:58:21,300+3
t4nk,cheesedout,0-1,2013-01-01 00:58:35,60+0
2girls1cup,krieg,1-0,2013-01-01 00:58:59,120+2
vivelafete,chinekeboy,0-1,2013-01-01 00:59:11,180+0
cheesedout,t4nk,1-0,2013-01-01 00:59:17,0+1
t4nk,cheesedout,0-1,2013-01-01 00:59:30,0+1
marzinkus,neuronchess,1-0,2013-01-01 00:59:50,480+0
jimmy80,metrolog,0-1,2013-01-01 01:00:25,300+3
dipo_a,kyklades,1-0,2013-01-01 01:01:06,240+0
oleh77,quixote91,1-0,2013-01-01 01:01:06,1800+8
cheesedout,t4nk,1-0,2013-01-01 01:01:54,0+1
vivelafete,chinekeboy,1/2-1/2,2013-01-01 01:02:42,240+0
t4nk,cheesedout,0-1,2013-01-01 01:03:20,0+1
cheesedout,t4nk,1-0,2013-01-01 01:04:12,0+1
t4nk,cheesedout,0-1,2013-01-01 01:05:02,0+1
cheesedout,t4nk,1-0,2013-01-01 01:05:50,0+1
j-jorjik,killi,0-1,2013-01-01 01:06:15,480+8
cheesedout,t4nk,1-0,2013-01-01 01:08:29,0+1
donchester,blizz,1-0,2013-01-01 01:06:30,300+0
t4nk,cheesedout,0-1,2013-01-01 01:09:04,0+1
t4nk,cheesedout,1-0,2013-01-01 01:07:17,0+1
kyklades,sport,0-1,2013-01-01 01:09:09,240+0
oleh77,maroz,0-1,2013-01-01 01:10:10,1800+8
cheesedout,t4nk,1-0,2013-01-01 01:10:17,0+1
hostking,dangercat,1-0,2013-01-01 01:10:44,540+0
rodney,jaquen81,0-1,2013-01-01 01:11:04,480+0
psonio,vivelafete,1-0,2013-01-01 01:11:44,240+0
jimmy80,kingofconcentration,0-1,2013-01-01 01:13:11,300+3
theweebles,h___n,1-0,2013-01-01 01:13:20,480+0
chinekeboy,desmond_wilson,1-0,2013-01-01 01:13:22,120+0
zebrao,metrolog,0-1,2013-01-01 01:13:37,420+3
milligan,quixote91,0-1,2013-01-01 01:13:55,900+0
crazy2013,neuronchess,1-0,2013-01-01 01:14:11,480+0
lifeofmg,chinekeboy,0-1,2013-01-01 01:16:51,120+0
peter2,treehugger,0-1,2013-01-01 01:16:45,480+0
vivelafete,psonio,0-1,2013-01-01 01:16:59,240+0
namesnik,cheesedout,1-0,2013-01-01 01:17:20,60+0
maxpax,kramer,1-0,2013-01-01 01:17:31,480+16
snob,frenchnovice,0-1,2013-01-01 01:18:02,300+8
sport,troepianiz,1-0,2013-01-01 01:19:02,300+3
cheesedout,t4nk,1-0,2013-01-01 01:19:59,0+1
airtsart,nujabes,1/2-1/2,2013-01-01 01:19:47,180+0
msun,vblack,0-1,2013-01-01 01:20:08,300+0
moonwalker,-jack69-,1-0,2013-01-01 01:16:57,120+0
chinekeboy,61doc,1-0,2013-01-01 01:20:22,180+0
-jack69-,moonwalker,0-1,2013-01-01 01:21:45,120+0
t4nk,cheesedout,0-1,2013-01-01 01:21:56,0+1
peter2,j-jorjik,1-0,2013-01-01 01:22:40,480+0
cheesedout,t4nk,1-0,2013-01-01 01:23:05,0+1
oleh77,chessdotcomsucks,0-1,2013-01-01 01:23:49,1800+8
vivelafete,kingofconcentration,1-0,2013-01-01 01:23:23,240+0
chinekeboy,namesnik,1-0,2013-01-01 01:24:00,120+0
t4nk,cheesedout,0-1,2013-01-01 01:24:08,0+1
gabrielvictor,quentono,0-1,2013-01-01 01:24:03,840+0
cheesedout,t4nk,1-0,2013-01-01 01:25:12,0+1
t4nk,cheesedout,0-1,2013-01-01 01:25:53,0+1
cheesedout,t4nk,1-0,2013-01-01 01:26:28,0+1
gsmaldone,munius,0-1,2013-01-01 01:26:31,300+5
kramer,maxpax,1-0,2013-01-01 01:26:33,480+16
moonwalker,-jack69-,1-0,2013-01-01 01:26:57,120+0
t4nk,cheesedout,0-1,2013-01-01 01:27:42,0+1
4di4,la-la-la,0-1,2013-01-01 01:21:59,1320+8
troepianiz,neuronchess,0-1,2013-01-01 01:28:02,480+0
cheesedout,t4nk,1-0,2013-01-01 01:28:07,0+1
kingofconcentration,vivelafete,0-1,2013-01-01 01:28:10,240+0
theweebles,metrolog,1-0,2013-01-01 01:28:26,480+0
chinekeboy,namesnik,1-0,2013-01-01 01:28:33,120+0
t4nk,cheesedout,0-1,2013-01-01 01:28:53,0+1
cheesedout,t4nk,1-0,2013-01-01 01:29:51,0+1
t4nk,cheesedout,0-1,2013-01-01 01:30:52,0+1
sport,crazy2013,0-1,2013-01-01 01:31:28,300+3
cheesedout,t4nk,1-0,2013-01-01 01:31:48,0+1
msun,namesnik,0-1,2013-01-01 01:31:51,300+0
dbnp,?,0-1,2013-01-01 01:32:25,-
t4nk,cheesedout,1-0,2013-01-01 01:32:55,0+1
peter2,sanuch111,0-1,2013-01-01 01:35:31,480+0
vivelafete,ptdhina,1-0,2013-01-01 01:35:46,300+0
cheesedout,t4nk,1-0,2013-01-01 01:36:14,60+0
marzinkus,kingofconcentration,1-0,2013-01-01 01:36:37,480+8
moonwalker,-jack69-,0-1,2013-01-01 01:37:16,120+0
namesnik,blizz,1-0,2013-01-01 01:38:25,240+0
t4nk,cheesedout,0-1,2013-01-01 01:39:23,60+0
alexey_k,israelcravchik,0-1,2013-01-01 01:39:32,600+0
oleh77,metrolog,0-1,2013-01-01 01:39:44,1800+8
cheesedout,t4nk,1-0,2013-01-01 01:40:31,0+1
t4nk,cheesedout,1/2-1/2,2013-01-01 01:40:54,0+1
gabrielvictor,snob,1-0,2013-01-01 01:42:04,300+9
kingofconcentration,msun,1/2-1/2,2013-01-01 01:41:10,300+0
-jack69-,moonwalker,1-0,2013-01-01 01:42:04,120+0
legendary_erfan,tiggran,0-1,2013-01-01 01:42:12,60+0
cheesedout,t4nk,1-0,2013-01-01 01:42:51,0+1
ptdhina,vivelafete,0-1,2013-01-01 01:42:58,300+0
t4nk,cheesedout,0-1,2013-01-01 01:44:17,0+1
peter2,sig,0-1,2013-01-01 01:43:00,480+0
cheesedout,t4nk,1-0,2013-01-01 01:44:45,0+1
fashionboy,quentono,0-1,2013-01-01 01:44:48,840+0
alexanderthal,namesnik,0-1,2013-01-01 01:45:37,300+8
t4nk,cheesedout,0-1,2013-01-01 01:47:17,0+1
cheesedout,t4nk,1-0,2013-01-01 01:47:31,0+1
t4nk,cheesedout,0-1,2013-01-01 01:48:07,0+1
cheesedout,t4nk,1-0,2013-01-01 01:48:40,0+1
t4nk,cheesedout,0-1,2013-01-01 01:49:34,0+1
cheesedout,t4nk,0-1,2013-01-01 01:50:03,0+1
t4nk,cheesedout,0-1,2013-01-01 01:50:37,0+1
tiggran,msun,1-0,2013-01-01 01:51:08,300+0
cheesedout,t4nk,1-0,2013-01-01 01:51:50,0+1
metrolog,munius,0-1,2013-01-01 01:53:18,180+15
vivelafete,ptdhina,0-1,2013-01-01 01:53:32,300+0
legendary_erfan,namesnik,1-0,2013-01-01 01:54:13,60+0
t4nk,cheesedout,0-1,2013-01-01 01:53:56,0+1
peter2,marzinkus,1-0,2013-01-01 01:54:29,480+0
alexey_k,adamsrj,1-0,2013-01-01 01:55:19,1560+30
stech,allende,0-1,2013-01-01 01:55:25,540+0
cheesedout,t4nk,1-0,2013-01-01 01:56:46,0+1
allende,stech,0-1,2013-01-01 01:56:51,540+0
t4nk,cheesedout,0-1,2013-01-01 01:56:57,0+1
israelcravchik,dannylucano,1-0,2013-01-01 01:57:01,600+0
legendary_erfan,boss92,0-1,2013-01-01 01:57:17,60+0
cheesedout,t4nk,1-0,2013-01-01 01:57:57,0+1
t4nk,cheesedout,0-1,2013-01-01 01:58:28,0+1
shaktimaan,sokol,1-0,2013-01-01 01:58:05,120+2
cheesedout,t4nk,1-0,2013-01-01 01:58:51,0+1
adamsrj,alexey_k,1-0,2013-01-01 01:59:00,1560+30
metrolog,theweebles,1-0,2013-01-01 01:59:04,480+0
haven,boss92,0-1,2013-01-01 01:59:16,60+0
luuletaja,ih8tomatoes,1-0,2013-01-01 01:59:48,300+12
t4nk,cheesedout,0-1,2013-01-01 01:59:58,0+1
legendary_erfan,ptdhina,1-0,2013-01-01 02:00:33,60+0
stech,allende,0-1,2013-01-01 02:00:56,540+0
cheesedout,t4nk,1-0,2013-01-01 02:01:03,0+1
t4nk,cheesedout,0-1,2013-01-01 02:02:42,0+1
ptdhina,legendary_erfan,0-1,2013-01-01 02:02:58,60+0
alitadepollo,dannylucano,1-0,2013-01-01 02:03:04,600+8
ow055,sandee,1-0,2013-01-01 02:03:23,180+1
cheesedout,t4nk,1-0,2013-01-01 02:03:25,0+1
t4nk,cheesedout,0-1,2013-01-01 02:04:16,0+1
tiggran,lamobot,0-1,2013-01-01 02:04:21,180+3
cheesedout,t4nk,1-0,2013-01-01 02:05:09,0+1
t4nk,cheesedout,1-0,2013-01-01 02:05:19,0+1
allende,stech,0-1,2013-01-01 02:05:27,540+0
ptdhina,sokol,0-1,2013-01-01 02:05:42,120+2
legendary_erfan,rookierook,1-0,2013-01-01 02:06:09,60+0
cheesedout,t4nk,1-0,2013-01-01 02:07:51,60+0
sigognac,mdandres_94,1-0,2013-01-01 02:07:56,120+1
oleh77,israelcravchik,0-1,2013-01-01 02:08:10,1800+8
cheesedout,t4nk,1-0,2013-01-01 02:08:23,0+1
sokol,ptdhina,0-1,2013-01-01 02:08:38,120+2
rookierook,legendary_erfan,1-0,2013-01-01 02:08:44,60+0
vanillashamanilla,lamobot,0-1,2013-01-01 02:08:45,180+3
t4nk,cheesedout,0-1,2013-01-01 02:09:59,0+1
metrolog,quentono,1-0,2013-01-01 02:10:07,840+0
legendary_erfan,rookierook,0-1,2013-01-01 02:10:41,60+0
theweebles,rasmussenesq,0-1,2013-01-01 02:10:44,480+0
hephesto,boss92,1-0,2013-01-01 02:10:54,60+0
ow055,marzinkus,0-1,2013-01-01 02:11:38,480+8
alexey_k,adamsrj,0-1,2013-01-01 02:12:08,1560+30
cheesedout,boss92,1-0,2013-01-01 02:13:24,60+0
rookierook,legendary_erfan,1-0,2013-01-01 02:13:39,60+0
sigognac,israelcravchik,1-0,2013-01-01 02:13:56,120+1
dannylucano,alitadepollo,0-1,2013-01-01 02:13:59,600+8
namesnik,ptdhina,1-0,2013-01-01 02:14:03,120+0
qazmlpvgyhn,gsmaldone,0-1,2013-01-01 02:15:02,240+4
ptdhina,namesnik,0-1,2013-01-01 02:15:47,120+0
hephesto,cheesedout,1-0,2013-01-01 02:16:03,60+0
legendary_erfan,rookierook,0-1,2013-01-01 02:16:18,60+0
stech,vanillashamanilla,0-1,2013-01-01 02:17:30,540+0
khan,melinda,0-1,2013-01-01 02:18:01,300+8
rookierook,legendary_erfan,0-1,2013-01-01 02:18:30,60+0
cheesedout,t4nk,0-1,2013-01-01 02:11:05,0+1
ptdhina,shaktimaan,0-1,2013-01-01 02:12:05,300+0
metrolog,quentono,1-0,2013-01-01 02:18:38,840+0
theweebles,boss92,0-1,2013-01-01 02:19:05,60+0
zlate,lamobot,1/2-1/2,2013-01-01 02:19:16,180+3
hephesto,cheesedout,1-0,2013-01-01 02:20:13,60+0
namesnik,ptdhina,0-1,2013-01-01 02:20:22,120+0
sebastian44,rundll8,1-0,2013-01-01 02:21:07,300+5
sign402,alexey_k,1-0,2013-01-01 02:21:35,900+10
israelcravchik,shueardm,0-1,2013-01-01 02:21:43,600+0
marzinkus,ow055,1-0,2013-01-01 02:22:22,480+8
theweebles,naitero_nagasaki,0-1,2013-01-01 02:22:25,480+0
legendary_erfan,boss92,0-1,2013-01-01 02:23:00,60+0
cheesedout,hephesto,1-0,2013-01-01 02:23:01,60+0
gsmaldone,adamsrj,0-1,2013-01-01 02:23:39,1560+30
sebastian44,richard_xii,1-0,2013-01-01 02:25:15,300+5
legendary_erfan,ptdhina,0-1,2013-01-01 02:25:42,60+0
hephesto,cheesedout,0-1,2013-01-01 02:25:57,60+0
namesnik,cougar1,1-0,2013-01-01 02:27:37,120+0
thunder87,adamsrj,0-1,2013-01-01 02:28:04,1560+30
cheesedout,hephesto,1-0,2013-01-01 02:28:18,60+0
legendary_erfan,ptdhina,1-0,2013-01-01 02:28:35,60+0
christlovesu2,naitero_nagasaki,0-1,2013-01-01 02:29:21,180+2
adan65v,quentono,0-1,2013-01-01 02:31:43,840+0
ben_dover,namesnik,0-1,2013-01-01 02:32:14,60+0
richard_xii,lamobot,0-1,2013-01-01 02:32:37,180+3
sebastian44,alexey_k,1-0,2013-01-01 02:33:02,300+5
sport,cougar1,0-1,2013-01-01 02:32:44,300+3
lamobot,adamsrj,0-1,2013-01-01 02:33:42,180+3
crazy2013,blizz,1-0,2013-01-01 02:34:27,240+0
crazy2013,rookierook,1-0,2013-01-01 02:37:43,300+0
khan,kramer,1-0,2013-01-01 02:38:05,300+8
pskpress,theweebles,0-1,2013-01-01 02:38:46,900+0
sport,cougar1,1-0,2013-01-01 02:39:40,300+3
jakethedog,ptdhina,0-1,2013-01-01 02:41:02,120+0
adamsrj,lamobot,1-0,2013-01-01 02:41:34,180+3
ben_dover,cheesedout,1-0,2013-01-01 02:41:07,60+0
ptdhina,naitero_nagasaki,0-1,2013-01-01 02:33:42,180+2
marzinkus,alexey_k,1-0,2013-01-01 02:41:56,480+8
crazy2013,naitero_nagasaki,0-1,2013-01-01 02:42:02,300+0
sebastian44,vanillashamanilla,1-0,2013-01-01 02:42:44,300+5
opptimyst,qazmlpvgyhn,1-0,2013-01-01 02:43:14,120+0
cheesedout,ben_dover,1-0,2013-01-01 02:43:36,60+0
namesnik,ow055,0-1,2013-01-01 02:44:57,180+1
hephesto,ptdhina,1-0,2013-01-01 02:46:04,120+0
adan65v,quentono,0-1,2013-01-01 02:46:46,840+0
ben_dover,cheesedout,0-1,2013-01-01 02:46:47,60+0
cheesedout,ben_dover,0-1,2013-01-01 02:48:26,60+0
khan,la-la-la,0-1,2013-01-01 02:48:52,1320+8
crazy2013,cougar1,1-0,2013-01-01 02:50:22,300+0
ben_dover,cheesedout,0-1,2013-01-01 02:50:35,60+0
namesnik,naitero_nagasaki,0-1,2013-01-01 02:53:01,60+0
alexey_k,quentono,1-0,2013-01-01 02:53:47,840+0
namesnik,cheesedout,0-1,2013-01-01 02:54:57,60+0
blizz,jesse,0-1,2013-01-01 02:54:02,240+0
cheesedout,namesnik,1-0,2013-01-01 02:57:26,60+0
cougar1,naitero_nagasaki,0-1,2013-01-01 02:58:54,180+2
namesnik,cheesedout,0-1,2013-01-01 02:59:30,60+0
jesse,ow055,0-1,2013-01-01 03:02:03,180+1
cheesedout,namesnik,0-1,2013-01-01 03:02:09,60+0
namesnik,cheesedout,0-1,2013-01-01 03:05:00,60+0
cheesedout,namesnik,1-0,2013-01-01 03:07:09,60+0
metrolog,vblack,0-1,2013-01-01 03:07:19,180+15
naitero_nagasaki,cougar1,1-0,2013-01-01 03:07:28,180+2
blizz,jesse,1/2-1/2,2013-01-01 03:07:31,240+0
writinggambler,lewisiii,1-0,2013-01-01 03:08:09,1800+30
ben_dover,cheesedout,1-0,2013-01-01 03:09:49,60+0
luuletaja,spaces,0-1,2013-01-01 03:10:52,300+8
sandee,ow055,0-1,2013-01-01 03:11:54,180+1
cheesedout,ben_dover,1-0,2013-01-01 03:12:26,60+0
ben_dover,cheesedout,0-1,2013-01-01 03:13:54,60+0
alitadepollo,quentono,1-0,2013-01-01 03:14:34,840+0
xmaschess,quentono,1-0,2013-01-01 03:05:35,840+0
namesnik,blizz,0-1,2013-01-01 03:14:58,240+0
xmaschess,cougar1,1-0,2013-01-01 03:15:09,600+0
raptureinvenice,pozitiv,1-0,2013-01-01 03:16:05,840+14
cheesedout,ben_dover,1-0,2013-01-01 03:16:14,60+0
maklaud695,ow055,1-0,2013-01-01 03:17:54,180+1
ben_dover,cheesedout,1-0,2013-01-01 03:18:36,60+0
metrolog,vblack,1-0,2013-01-01 03:20:19,180+15
cheesedout,ben_dover,0-1,2013-01-01 03:21:25,60+0
raptureinvenice,milkyway,1-0,2013-01-01 03:11:59,600+10
writinggambler,viktoriya,1-0,2013-01-01 03:22:48,1800+30
ben_dover,cheesedout,1-0,2013-01-01 03:24:17,60+0
maklaud695,cadmandior,1-0,2013-01-01 03:25:16,240+1
cheesedout,ben_dover,1-0,2013-01-01 03:26:37,60+0
dangercat,quentono,0-1,2013-01-01 03:26:53,840+0
marzinkus,crazy2013,1-0,2013-01-01 03:28:25,360+8
ben_dover,cheesedout,1-0,2013-01-01 03:29:17,60+0
saxwellrs,lewisiii,0-1,2013-01-01 03:31:06,900+8
cougar1,xmaschess,0-1,2013-01-01 03:20:34,600+0
pozitiv,raptureinvenice,0-1,2013-01-01 03:22:18,840+14
cheesedout,ben_dover,0-1,2013-01-01 03:32:17,60+0
migsan,yehshua,0-1,2013-01-01 03:33:13,420+0
writinggambler,alexey_k,1-0,2013-01-01 03:33:58,1800+30
maklaud695,masterstheven,1-0,2013-01-01 03:34:21,240+1
garlic,viktoriya,1-0,2013-01-01 03:34:47,0+1
garlic,vanillashamanilla,1-0,2013-01-01 03:37:24,0+1
crazy2013,marzinkus,0-1,2013-01-01 03:37:22,360+8
yehshua,pozitiv,1-0,2013-01-01 03:38:51,840+14
tiggran,dissident_with_love,1-0,2013-01-01 03:39:37,300+0
migsan,khan,0-1,2013-01-01 03:40:16,420+0
masterstheven,thiago,0-1,2013-01-01 03:42:16,60+0
maklaud695,vegeta,0-1,2013-01-01 03:44:17,300+0
lewisiii,khan,0-1,2013-01-01 03:45:21,300+8
gsmaldone,metrolog,0-1,2013-01-01 03:46:43,240+4
tiggran,adamsrj,1-0,2013-01-01 03:47:32,300+0
masterstheven,cheesedout,0-1,2013-01-01 03:49:05,60+0
garlic,thiago,0-1,2013-01-01 03:49:15,60+0
tiggran,blizz,1-0,2013-01-01 03:36:36,240+0
vegeta,maklaud695,1-0,2013-01-01 03:49:51,300+0
adamsrj,tiggran,0-1,2013-01-01 03:50:27,300+0
link,ilovemyself,0-1,2013-01-01 03:50:35,300+0
xiaoqiao,cheesedout,0-1,2013-01-01 03:51:09,60+0
tiggran,adamsrj,1/2-1/2,2013-01-01 03:53:06,300+0
cheesedout,xiaoqiao,0-1,2013-01-01 03:53:13,60+0
gregosaurus,matru,1-0,2013-01-01 03:53:16,900+9
georgek,dangercat,0-1,2013-01-01 03:53:25,300+2
kingjones30,khan,1-0,2013-01-01 03:53:50,300+8
thiago,tinieblas,0-1,2013-01-01 03:54:57,60+0
la-la-la,leon_gambetta,1-0,2013-01-01 03:55:33,900+0
919191,luuletaja,1-0,2013-01-01 03:55:39,300+12
pozitiv,ilovemyself,1-0,2013-01-01 03:56:50,840+14
xiaoqiao,cheesedout,1-0,2013-01-01 03:57:15,60+0
vegeta,ziggler,1-0,2013-01-01 03:57:47,300+0
tinieblas,thiago,1-0,2013-01-01 03:57:59,60+0
spaces,metrolog,0-1,2013-01-01 03:58:22,300+8
cheesedout,xiaoqiao,0-1,2013-01-01 03:58:42,60+0
xiaoqiao,cheesedout,1-0,2013-01-01 03:59:58,60+0
cheesedout,xiaoqiao,0-1,2013-01-01 04:00:32,60+0
lamobot,voltvolf,0-1,2013-01-01 04:00:35,180+3
tinieblas,hiio_asakura,1-0,2013-01-01 04:00:42,60+0
xiaoqiao,cheesedout,1-0,2013-01-01 04:02:44,60+0
mjordanlutz,maxpax,1-0,2013-01-01 04:01:08,300+8
cheesedout,xiaoqiao,0-1,2013-01-01 04:05:18,60+0
pes69z28,fistfullofbastard,1-0,2013-01-01 04:05:38,480+0
voltvolf,marzinkus,0-1,2013-01-01 04:06:09,600+5
alexey_k,gregosaurus,1-0,2013-01-01 04:06:20,900+9
cheesedout,ben_dover,0-1,2013-01-01 04:07:45,60+0
mk9,cougar1,0-1,2013-01-01 04:09:01,300+8
tiggran,treehugger,1-0,2013-01-01 04:13:22,300+0
milligan,samijoon,1/2-1/2,2013-01-01 04:15:48,900+0
tiggran,metrolog,1-0,2013-01-01 04:16:07,300+0
xadrez80,atomicangel,0-1,2013-01-01 04:19:11,180+0
khan,vblack,0-1,2013-01-01 04:17:58,180+3
atomicangel,vegeta,0-1,2013-01-01 04:06:11,300+0
vblack,pozitiv,1-0,2013-01-01 04:20:27,840+14
cheesedout,xiaoqiao,0-1,2013-01-01 04:20:34,60+0
tiggran,_viper_,0-1,2013-01-01 04:21:51,300+0
cougar1,mk9,1-0,2013-01-01 04:22:18,300+8
vanillashamanilla,menssser,0-1,2013-01-01 04:23:29,300+0
cheesedout,xiaoqiao,1-0,2013-01-01 04:23:38,60+0
ronis,writinggambler,1-0,2013-01-01 04:24:29,660+8
oilmanesh,cheesedout,0-1,2013-01-01 04:25:45,60+0
metrolog,marzinkus,0-1,2013-01-01 04:26:06,600+5
opptimyst,treehugger,0-1,2013-01-01 04:26:32,120+0
xiaoqiao,thiago,1-0,2013-01-01 04:26:45,60+0
froonsan,khan,1-0,2013-01-01 04:28:02,600+15
atomicangel,ghost_lombardi,0-1,2013-01-01 04:28:01,180+0
cheesedout,oilmanesh,1-0,2013-01-01 04:28:12,60+0
mk9,cougar1,0-1,2013-01-01 04:30:11,300+8
oilmanesh,cheesedout,0-1,2013-01-01 04:30:49,60+0
xiaoqiao,thiago,1-0,2013-01-01 04:30:57,60+0
treehugger,lamobot,1-0,2013-01-01 04:30:41,180+3
froonsan,khan,1-0,2013-01-01 04:31:07,600+15
alexey_k,froonsan,1-0,2013-01-01 04:32:08,600+15
msusngi,leon_gambetta,0-1,2013-01-01 04:32:01,900+0
ptdhina,veter1611,0-1,2013-01-01 04:32:14,540+5
ghost_lombardi,atomicangel,1-0,2013-01-01 04:32:41,180+0
psonio,oilmanesh,1-0,2013-01-01 04:33:28,240+0
as17,_viper_,0-1,2013-01-01 04:34:12,60+2
vlad,hephesto,1-0,2013-01-01 04:35:26,0+1
hephesto,vlad,1-0,2013-01-01 04:37:21,0+1
pozitiv,robusto,0-1,2013-01-01 04:37:48,840+14
as17,blizz,1-0,2013-01-01 04:37:54,240+0
hephesto,_viper_,0-1,2013-01-01 04:43:04,60+2
_viper_,vlad,1-0,2013-01-01 04:38:59,60+2
as17,ghost_lombardi,0-1,2013-01-01 04:46:19,300+0
lamobot,metrolog,0-1,2013-01-01 04:46:37,180+3
4lawsdotcom,gsmaldone,1-0,2013-01-01 04:49:49,480+4
psonio,khan,1-0,2013-01-01 04:51:16,240+0
metrolog,lamobot,0-1,2013-01-01 04:51:29,180+3
adrnlnnjectd,spaces,0-1,2013-01-01 04:53:36,600+10
_viper_,ptdhina,0-1,2013-01-01 04:54:06,60+2
hephesto,_viper_,1-0,2013-01-01 04:46:53,60+2
nazer,dangercat,0-1,2013-01-01 04:54:51,540+0
robusto,pozitiv,1-0,2013-01-01 04:55:49,840+14
ptdhina,_viper_,0-1,2013-01-01 04:57:21,60+2
lamobot,metrolog,1-0,2013-01-01 04:58:49,180+3
_viper_,ptdhina,0-1,2013-01-01 04:58:56,60+2
khan,marzinkus,0-1,2013-01-01 04:59:36,300+8
ptdhina,_viper_,0-1,2013-01-01 05:04:06,60+2
nazer,jorespi,0-1,2013-01-01 05:05:22,540+0
_viper_,ptdhina,0-1,2013-01-01 05:06:45,60+2
ptdhina,_viper_,1-0,2013-01-01 05:09:51,60+2
lamobot,metrolog,1-0,2013-01-01 05:11:09,180+3
atomicangel,sakrat,1-0,2013-01-01 05:12:36,180+3
pozitiv,pes69z28,1-0,2013-01-01 05:13:13,840+14
_viper_,ptdhina,1-0,2013-01-01 05:13:09,60+2
pes69z28,pozitiv,1-0,2013-01-01 05:14:13,840+14
nichiren1967,tinieblas,0-1,2013-01-01 05:14:19,60+1
spaces,adrnlnnjectd,1-0,2013-01-01 05:14:53,300+8
lamobot,coldest,1-0,2013-01-01 05:15:53,180+1
garlic,richard_xii,1-0,2013-01-01 05:17:41,0+1
cheesedout,nichiren1967,1-0,2013-01-01 05:17:45,60+0
ptdhina,_viper_,0-1,2013-01-01 05:17:55,60+2
garlic,richard_xii,1-0,2013-01-01 05:18:04,0+3
matru,arun,0-1,2013-01-01 05:18:24,600+10
nazer,maclanie,0-1,2013-01-01 05:19:04,540+0
vanillashamanilla,srsbusnes,0-1,2013-01-01 05:19:50,120+0
_viper_,ptdhina,1-0,2013-01-01 05:19:50,60+2
nichiren1967,cheesedout,1-0,2013-01-01 05:20:12,60+0
cheesedout,nichiren1967,1-0,2013-01-01 05:22:48,60+0
arun,jorespi,1-0,2013-01-01 05:22:55,300+4
adrnlnnjectd,3xaxa,0-1,2013-01-01 05:23:10,300+8
garlic,vanillashamanilla,1-0,2013-01-01 05:24:30,0+1
ptdhina,_viper_,0-1,2013-01-01 05:24:05,60+2
maclanie,3xaxa,0-1,2013-01-01 05:15:14,300+8
dipankar,psonio,1/2-1/2,2013-01-01 05:25:26,300+3
spaces,adrnlnnjectd,1-0,2013-01-01 05:25:47,300+8
cheesedout,nichiren1967,0-1,2013-01-01 05:25:52,60+0
donchester,marzinkus,0-1,2013-01-01 05:25:57,600+5
_viper_,ptdhina,1-0,2013-01-01 05:27:24,60+2
nichiren1967,cheesedout,0-1,2013-01-01 05:28:11,60+0
pes69z28,pozitiv,1-0,2013-01-01 05:28:38,840+14
4lawsdotcom,khan,0-1,2013-01-01 05:28:45,480+4
vanillashamanilla,m3hran,1-0,2013-01-01 05:25:46,300+0
garlic,maclanie,1-0,2013-01-01 05:28:59,0+1
ptdhina,_viper_,0-1,2013-01-01 05:29:47,60+2
sayantan,maclanie,1-0,2013-01-01 05:30:25,60+10
cheesedout,nichiren1967,0-1,2013-01-01 05:30:37,60+0
chinni,jorespi,0-1,2013-01-01 05:31:59,240+4
ff4,arun,1-0,2013-01-01 05:32:27,300+10
nichiren1967,cheesedout,1-0,2013-01-01 05:33:24,60+0
cheesedout,nichiren1967,1-0,2013-01-01 05:35:14,60+0
jorespi,spaces,1-0,2013-01-01 05:36:18,300+8
2013_january,robusto,1-0,2013-01-01 05:36:40,300+16
nichiren1967,cheesedout,1-0,2013-01-01 05:37:23,60+0
hostking,marzinkus,1-0,2013-01-01 05:38:46,540+0
garlic,donchester,1-0,2013-01-01 05:38:53,0+1
cheesedout,nichiren1967,1-0,2013-01-01 05:39:00,60+0
lalara,dipankar,1-0,2013-01-01 05:39:51,180+0
arina1999,_viper_,1-0,2013-01-01 05:40:57,60+3
nichiren1967,cheesedout,0-1,2013-01-01 05:41:53,60+0
sakrat,psonio,1-0,2013-01-01 05:40:58,180+3
donchester,ostap,1-0,2013-01-01 05:42:29,300+3
veter1611,famcaliap,0-1,2013-01-01 05:42:58,540+5
driverblag,maclanie,1-0,2013-01-01 05:43:11,360+2
cheesedout,nichiren1967,1-0,2013-01-01 05:44:40,60+0
_viper_,arina1999,0-1,2013-01-01 05:45:35,60+3
psonio,sakrat,1-0,2013-01-01 05:45:42,180+3
dipankar,evg,1-0,2013-01-01 05:46:17,300+0
lalara,khan,1-0,2013-01-01 05:47:16,180+0
nichiren1967,cheesedout,1/2-1/2,2013-01-01 05:47:24,60+0
2013_january,parsh,1-0,2013-01-01 05:48:07,300+20
evg,dipankar,0-1,2013-01-01 05:48:19,300+0
driverblag,bjagus,0-1,2013-01-01 05:49:24,360+2
cheesedout,nichiren1967,1-0,2013-01-01 05:49:53,60+0
arina1999,_viper_,1-0,2013-01-01 05:49:56,60+3
nichiren1967,cheesedout,1-0,2013-01-01 05:52:43,60+0
dipankar,ralphhh,0-1,2013-01-01 05:53:08,300+3
nazer,arun,0-1,2013-01-01 05:49:58,540+0
vincenzo2691,sakrat,0-1,2013-01-01 05:53:22,180+3
_viper_,arina1999,0-1,2013-01-01 05:54:04,60+3
hostking,jorespi,1-0,2013-01-01 05:54:18,540+0
cheesedout,nichiren1967,1-0,2013-01-01 05:54:19,60+0
garlic,oilmanesh,1-0,2013-01-01 05:55:34,60+0
nichiren1967,cheesedout,1-0,2013-01-01 05:56:38,60+0
ostap,crazy2013,1-0,2013-01-01 05:56:56,300+3
4lawsdotcom,verminard,0-1,2013-01-01 05:57:19,480+4
cheesedout,nichiren1967,1-0,2013-01-01 05:58:26,60+0
oilmanesh,namesnik,1-0,2013-01-01 05:57:56,60+0
parsh,marzinkus,0-1,2013-01-01 05:58:31,600+5
tomi,elquesoy,1-0,2013-01-01 06:00:19,420+1
bjagus,dipankar,1-0,2013-01-01 06:00:27,120+3
bulletkiller,namesnik,0-1,2013-01-01 06:00:32,0+1
nichiren1967,cheesedout,0-1,2013-01-01 06:01:12,60+0
arina1999,_viper_,0-1,2013-01-01 06:01:16,60+3
jorespi,ostap,1-0,2013-01-01 06:01:26,300+3
garlic,namesnik,1-0,2013-01-01 06:02:38,60+0
sakrat,vincenzo2691,1-0,2013-01-01 06:02:51,180+3
spaces,pozitiv,1-0,2013-01-01 06:03:23,840+14
nichiren1967,cheesedout,0-1,2013-01-01 06:04:34,60+0
dipankar,bjagus,0-1,2013-01-01 06:06:31,120+3
verminard,4lawsdotcom,1-0,2013-01-01 06:05:42,480+4
cheesedout,nichiren1967,1-0,2013-01-01 06:07:23,60+0
_viper_,arina1999,1-0,2013-01-01 06:07:35,60+3
pozitiv,spaces,0-1,2013-01-01 06:08:22,840+14
parsh,marzinkus,0-1,2013-01-01 06:08:27,600+5
ostrak11,mufasa,1-0,2013-01-01 06:08:54,240+0
famcaliap,gilberthoy,1-0,2013-01-01 06:08:58,600+11
gilberthoy,famcaliap,0-1,2013-01-01 06:09:52,600+11
nichiren1967,cheesedout,1-0,2013-01-01 06:10:09,60+0
cheesedout,nichiren1967,1-0,2013-01-01 06:12:24,60+0
bulletkiller,aquatica,1-0,2013-01-01 06:13:09,0+1
schutzstaffel,ben_dover,0-1,2013-01-01 06:13:40,60+0
nichiren1967,cheesedout,0-1,2013-01-01 06:15:04,60+0
spaces,pozitiv,1-0,2013-01-01 06:15:18,840+14
arina1999,_viper_,1-0,2013-01-01 06:15:38,60+3
dipankar,ostap,1-0,2013-01-01 06:15:50,300+3
tomi,m0de,1-0,2013-01-01 06:15:56,420+1
schutzstaffel,elquesoy,1-0,2013-01-01 06:16:36,60+0
rus2012,aquatica,1-0,2013-01-01 06:17:02,240+1
cheesedout,nichiren1967,1-0,2013-01-01 06:17:53,60+0
_viper_,arina1999,0-1,2013-01-01 06:18:23,60+3
delaza62,crazy2013,1-0,2013-01-01 06:11:25,480+5
psonio,chenstix,1-0,2013-01-01 06:11:57,240+0
nichiren1967,cheesedout,0-1,2013-01-01 06:18:53,60+0
elquesoy,psonio,0-1,2013-01-01 06:19:21,240+0
arina1999,_viper_,1-0,2013-01-01 06:21:25,60+3
cheesedout,nichiren1967,1-0,2013-01-01 06:21:43,60+0
daredevil,samdegregori,0-1,2013-01-01 06:22:00,900+10
ddj,blizz,1-0,2013-01-01 06:22:08,240+0
aquatica,rus2012,0-1,2013-01-01 06:23:01,240+1
nichiren1967,cheesedout,1/2-1/2,2013-01-01 06:23:16,60+0
pozitiv,spaces,1-0,2013-01-01 06:23:17,840+14
dobro55,psonio,1-0,2013-01-01 06:15:59,300+0
elquesoy,mufasa,1-0,2013-01-01 06:25:58,300+5
cheesedout,nichiren1967,1-0,2013-01-01 06:26:09,60+0
schutzstaffel,arina1999,1-0,2013-01-01 06:26:34,60+0
rus2012,ddj,0-1,2013-01-01 06:27:09,240+1
garlic,_viper_,1-0,2013-01-01 06:28:02,0+1
psonio,atomicangel,0-1,2013-01-01 06:27:16,240+0
nichiren1967,cheesedout,1-0,2013-01-01 06:28:50,60+0
schutzstaffel,arina1999,0-1,2013-01-01 06:28:52,60+0
parsh,marzinkus,0-1,2013-01-01 06:29:02,600+5
garlic,_viper_,1-0,2013-01-01 06:29:13,0+1
dipankar,burina,0-1,2013-01-01 06:30:16,300+2
cheesedout,nichiren1967,1-0,2013-01-01 06:31:50,60+0
garlic,_viper_,1-0,2013-01-01 06:32:22,0+1
garlic,_viper_,0-1,2013-01-01 06:30:24,0+1
bagyula,ostap,1-0,2013-01-01 06:33:43,300+3
nichiren1967,cheesedout,0-1,2013-01-01 06:33:57,60+0
garlic,_viper_,0-1,2013-01-01 06:34:10,0+1
rickstar19,johnua,0-1,2013-01-01 06:34:11,60+10
ddj,rus2012,0-1,2013-01-01 06:34:30,240+1
psonio,arina1999,0-1,2013-01-01 06:35:11,240+0
cheesedout,nichiren1967,1-0,2013-01-01 06:36:46,60+0
garlic,_viper_,0-1,2013-01-01 06:36:37,60+2
mihasah,aminemaxime,1-0,2013-01-01 06:37:28,300+5
masterstheven,maklaud695,0-1,2013-01-01 06:37:30,240+1
spaces,youcheckimate,0-1,2013-01-01 06:37:48,300+8
cheesedout,nichiren1967,1-0,2013-01-01 06:39:45,60+0
hostking,leon_gambetta,1-0,2013-01-01 06:39:51,900+0
mailtoilan,troepianiz,1-0,2013-01-01 06:41:09,600+8
burina,dipankar,1-0,2013-01-01 06:41:32,300+2
maklaud695,masterstheven,1-0,2013-01-01 06:44:13,240+1
arina1999,_viper_,1-0,2013-01-01 06:44:15,60+3
lalara,aminemaxime,0-1,2013-01-01 06:45:15,180+0
elquesoy,psonio,0-1,2013-01-01 06:45:46,240+0
xiaoqiao,yeshi,0-1,2013-01-01 06:46:53,120+0
lalara,dipo_a,1-0,2013-01-01 06:36:23,180+0
cukaruchay,bagyula,1-0,2013-01-01 06:47:15,300+5
dipankar,burina,1-0,2013-01-01 06:47:21,300+2
_viper_,arina1999,0-1,2013-01-01 06:47:47,60+3
maklaud695,masterstheven,1-0,2013-01-01 06:48:54,240+1
patan2003,h4rdy,1-0,2013-01-01 06:49:07,420+3
spaces,parsh,0-1,2013-01-01 06:50:25,300+8
yeshi,xiaoqiao,0-1,2013-01-01 06:51:10,120+0
nichiren1967,ddj,1-0,2013-01-01 06:51:57,60+1
rodney,aminemaxime,0-1,2013-01-01 06:52:17,480+0
psonio,elquesoy,1-0,2013-01-01 06:43:28,240+0
elquesoy,marzinkus,0-1,2013-01-01 06:52:57,180+0
arina1999,_viper_,1-0,2013-01-01 06:53:05,60+3
masterstheven,maklaud695,1-0,2013-01-01 06:55:37,240+1
ddj,elquesoy,1-0,2013-01-01 06:57:11,120+2
yeshi,xiaoqiao,0-1,2013-01-01 06:56:45,120+0
aggresivenapk1n,johnua,1-0,2013-01-01 06:57:39,60+10
nichiren1967,ptdhina,1-0,2013-01-01 06:58:19,60+1
arina1999,atomicangel,1-0,2013-01-01 07:00:22,180+0
xiaoqiao,yeshi,0-1,2013-01-01 06:52:29,120+0
daredevil,uytku,1-0,2013-01-01 07:00:32,900+10
tolik_mmm,delaza62,1/2-1/2,2013-01-01 07:01:49,480+5
ptdhina,nichiren1967,0-1,2013-01-01 07:03:02,60+1
patan2003,eldorado,1-0,2013-01-01 07:03:48,420+3
burina,parsh,1-0,2013-01-01 07:03:57,300+2
masterstheven,sakrat,0-1,2013-01-01 07:05:27,180+3
bulletplay,_viper_,0-1,2013-01-01 07:05:40,0+1
maklaud695,terracota,1-0,2013-01-01 07:06:05,240+1
nichiren1967,yeshi,1-0,2013-01-01 07:06:36,60+1
johnua,arun,0-1,2013-01-01 07:06:43,60+10
arun,johnua,0-1,2013-01-01 07:07:47,60+10
sakrat,masterstheven,1-0,2013-01-01 07:09:13,180+3
ddj,bulletplay,0-1,2013-01-01 07:07:51,120+2
nichiren1967,yeshi,0-1,2013-01-01 07:09:24,60+1
johnua,arun,0-1,2013-01-01 07:11:40,60+10
naitero_nagasaki,troepianiz,1-0,2013-01-01 07:11:43,300+8
atomicangel,arina1999,0-1,2013-01-01 07:12:25,180+0
namesnik,veter1611,0-1,2013-01-01 07:13:36,540+5
masterstheven,sakrat,0-1,2013-01-01 07:15:15,180+3
eldorado,patan2003,1-0,2013-01-01 07:17:45,420+3
atomicangel,arina1999,1-0,2013-01-01 07:18:41,60+3
sakrat,masterstheven,0-1,2013-01-01 07:18:56,180+3
jsalemal-55,tani_danilova,1-0,2013-01-01 07:19:35,900+12
gez,akayhan,0-1,2013-01-01 07:19:45,300+1
arun,johnua,1-0,2013-01-01 07:19:48,60+10
burina,troepianiz,0-1,2013-01-01 07:21:39,300+2
savinka59,maklaud695,1-0,2013-01-01 07:16:07,240+1
johnua,arun,0-1,2013-01-01 07:22:27,60+10
ddj,naitero_nagasaki,0-1,2013-01-01 07:21:00,120+2
sakrat,maklaud695,0-1,2013-01-01 07:23:36,240+1
bulletplay,zizigolo,1-0,2013-01-01 07:26:23,0+1
arun,johnua,1-0,2013-01-01 07:28:12,60+10
rus2012,baracuda,0-1,2013-01-01 07:29:46,300+8
gez,ajay_jangir,1-0,2013-01-01 07:33:29,300+1
mihasah,akayhan,1/2-1/2,2013-01-01 07:30:23,300+5
maklaud695,marzinkus,0-1,2013-01-01 07:31:15,600+5
ddj,naitero_nagasaki,0-1,2013-01-01 07:34:04,180+2
bulletplay,aquatica,1-0,2013-01-01 07:34:12,0+1
patan2003,eldorado,1-0,2013-01-01 07:34:21,420+3
eldorado,patan2003,0-1,2013-01-01 07:36:45,420+3
aquatica,bulletplay,0-1,2013-01-01 07:37:24,0+1
johnua,arun,0-1,2013-01-01 07:35:16,60+10
gez,richard_xii,1/2-1/2,2013-01-01 07:37:34,300+1
garlic,namesnik,1-0,2013-01-01 07:39:07,0+1
aquatica,richard_xii,1-0,2013-01-01 07:39:22,120+0
daredevil,msusngi,1-0,2013-01-01 07:40:27,900+10
sakrat,namesnik,1-0,2013-01-01 07:40:42,180+3
ars72,atomicangel,1-0,2013-01-01 07:41:28,180+0
namesnik,naitero_nagasaki,0-1,2013-01-01 07:42:14,180+2
nikz,lancer,1-0,2013-01-01 07:42:39,420+7
patan2003,eldorado,1-0,2013-01-01 07:43:22,420+3
aquatica,ddj,0-1,2013-01-01 07:43:57,120+2
parsh,akayhan,0-1,2013-01-01 07:44:29,300+5
ddj,kinner,0-1,2013-01-01 07:44:36,120+2
jakethedog,_viper_,0-1,2013-01-01 07:47:38,120+2
sakrat,naitero_nagasaki,0-1,2013-01-01 07:50:05,180+3
kinner,ddj,1-0,2013-01-01 07:51:05,120+2
bulletplay,namesnik,0-1,2013-01-01 07:52:38,0+1
msusngi,daredevil,0-1,2013-01-01 07:51:51,900+10
bulletplay,namesnik,1-0,2013-01-01 07:53:25,0+1
eldorado,patan2003,0-1,2013-01-01 07:54:29,420+3
ddj,kinner,0-1,2013-01-01 07:55:51,120+2
bulletplay,namesnik,0-1,2013-01-01 07:56:45,0+1
akayhan,leon_gambetta,1-0,2013-01-01 07:56:25,900+0
stepan9,marzinkus,0-1,2013-01-01 07:58:06,300+15
nikz,yurday,0-1,2013-01-01 07:57:24,420+7
_viper_,naitero_nagasaki,0-1,2013-01-01 07:57:52,60+2
bulletplay,namesnik,1-0,2013-01-01 07:59:06,0+1
hooman,namesnik,0-1,2013-01-01 08:01:09,300+0
sakrat,crazy2013,1-0,2013-01-01 08:02:45,180+3
kinner,ddj,0-1,2013-01-01 08:03:28,120+2
bulletplay,ptdhina,0-1,2013-01-01 08:03:46,0+1
spaces,ff4,1-0,2013-01-01 08:04:12,300+10
naitero_nagasaki,_viper_,1-0,2013-01-01 08:04:14,60+2
patan2003,eldorado,1-0,2013-01-01 08:04:19,420+3
jsalemal-55,ukwildcats,1-0,2013-01-01 08:05:27,900+12
garlic,ptdhina,1-0,2013-01-01 08:05:36,0+1
eldorado,patan2003,1-0,2013-01-01 08:05:49,420+3
ddj,kinner,0-1,2013-01-01 08:06:01,120+2
namesnik,hooman,1-0,2013-01-01 08:06:27,300+0
bulletplay,ptdhina,1-0,2013-01-01 08:07:16,0+1
_viper_,naitero_nagasaki,1-0,2013-01-01 08:08:34,60+2
bulletplay,ptdhina,1-0,2013-01-01 08:09:07,0+1
krakowiaczek46,msmcssm,0-1,2013-01-01 08:09:25,600+3
hooman,jtkjtkful,0-1,2013-01-01 08:10:12,300+0
daredevil,thomasbrent,1-0,2013-01-01 08:10:45,900+10
bulletplay,ptdhina,1-0,2013-01-01 08:10:51,0+1
naitero_nagasaki,_viper_,1-0,2013-01-01 08:11:35,60+2
prime1st,mihasah,0-1,2013-01-01 08:12:03,300+6
metrolog,bravery,0-1,2013-01-01 08:06:48,1800+30
kinner,ddj,1-0,2013-01-01 08:12:07,120+2
bulletplay,ptdhina,0-1,2013-01-01 08:15:53,0+1
dipankar,ale226571,1-0,2013-01-01 08:17:16,300+3
_viper_,atomicangel,0-1,2013-01-01 08:17:33,180+0
bulletplay,ptdhina,1-0,2013-01-01 08:18:14,0+1
salamandra,coldest,1-0,2013-01-01 08:18:58,360+0
ddj,kinner,1/2-1/2,2013-01-01 08:19:04,120+2
bulletplay,ptdhina,1-0,2013-01-01 08:20:08,0+1
daredevil,metrolog,1-0,2013-01-01 08:20:52,900+10
patan2003,eldorado,0-1,2013-01-01 08:21:54,420+3
yurday,spaces,1-0,2013-01-01 08:22:00,300+8
bulletplay,ptdhina,1-0,2013-01-01 08:22:11,0+1
lalara,fuck_you,0-1,2013-01-01 08:23:02,180+0
garlic,ptdhina,1-0,2013-01-01 08:23:19,0+1
nikz,mihasah,0-1,2013-01-01 08:22:51,420+7
akayhan,naitero_nagasaki,1-0,2013-01-01 08:23:37,180+2
coldest,salamandra,1-0,2013-01-01 08:24:12,360+0
spaces,delaza62,0-1,2013-01-01 08:19:50,480+5
ale226571,dipankar,1-0,2013-01-01 08:24:14,300+3
maklaud695,atomicangel,0-1,2013-01-01 08:26:22,180+0
traker100,ptdhina,1-0,2013-01-01 08:26:51,240+0
dipankar,ale226571,0-1,2013-01-01 08:27:15,300+3
maklaud695,naitero_nagasaki,0-1,2013-01-01 08:29:32,180+2
jsalemal-55,famcaliap,1-0,2013-01-01 08:30:28,900+12
r4y5t3r,h4rdy,0-1,2013-01-01 08:30:42,-
kinner,ddj,1-0,2013-01-01 08:30:42,120+2
traker100,akayhan,1-0,2013-01-01 08:32:17,240+0
mihasah,nikz,1-0,2013-01-01 08:33:04,300+5
ale226571,dipankar,1-0,2013-01-01 08:34:35,300+3
lalara,2013_january,1-0,2013-01-01 08:36:13,180+0
metrolog,andrandand,1-0,2013-01-01 08:35:36,180+15
arabika2,n_farhang,0-1,2013-01-01 08:38:53,1200+0
k074,flatron1,1-0,2013-01-01 08:37:28,300+1
dipankar,ale226571,0-1,2013-01-01 08:39:43,300+3
akayhan,maklaud695,1-0,2013-01-01 08:40:50,240+1
marzinkus,troepianiz,0-1,2013-01-01 08:27:50,300+8
ale226571,dipankar,1-0,2013-01-01 08:41:51,300+3
2013_january,xiaoqiao,0-1,2013-01-01 08:43:19,60+0
msmcssm,famcaliap,1/2-1/2,2013-01-01 08:42:26,600+12
salamandra,flatron1,0-1,2013-01-01 08:45:37,360+0
messsi,maklaud695,1-0,2013-01-01 08:45:37,240+1
2013_january,akayhan,1-0,2013-01-01 08:45:55,300+20
h4rdy,r4y5t3r,0-1,2013-01-01 08:46:26,-
0987654321,ff4,0-1,2013-01-01 08:47:27,600+8
ff4,norb,1-0,2013-01-01 08:50:58,480+8
ddj,kinner,0-1,2013-01-01 08:47:26,300+8
leon_gambetta,inis,0-1,2013-01-01 08:51:02,900+0
traker100,flatron1,1-0,2013-01-01 08:53:01,240+0
masterstheven,cipri4,1-0,2013-01-01 08:53:37,180+0
ukwildcats,2013_january,1-0,2013-01-01 08:53:44,480+10
antonio7,marzinkus,0-1,2013-01-01 08:56:24,660+6
masterstheven,maklaud695,0-1,2013-01-01 08:57:14,180+0
dipankar,ale226571,1-0,2013-01-01 08:57:35,300+3
svetlana,andrandand,1-0,2013-01-01 08:58:06,420+3
kinner,ddj,0-1,2013-01-01 08:58:11,300+8
mihasah,terracota,1/2-1/2,2013-01-01 08:58:34,300+5
arbequina,famcaliap,1-0,2013-01-01 08:59:21,600+5
cirilek,flatron1,0-1,2013-01-01 09:00:43,300+1
maklaud695,masterstheven,0-1,2013-01-01 09:01:04,240+1
voltvolf,naitero_nagasaki,0-1,2013-01-01 09:03:27,300+0
cipri4,atomicangel,0-1,2013-01-01 09:04:32,180+0
esesoyyo,victor001,1-0,2013-01-01 09:03:40,300+5
nikz,amisa,0-1,2013-01-01 09:04:43,420+7
mihasah,norb,1-0,2013-01-01 09:06:38,480+8
last-soldier,maslick,0-1,2013-01-01 09:07:15,300+3
hooman,patan2003,1-0,2013-01-01 09:08:07,300+0
0987654321,jmen,0-1,2013-01-01 09:08:37,1740+30
terracota,marzinkus,0-1,2013-01-01 09:10:04,480+5
cipri4,atomicangel,1-0,2013-01-01 09:11:33,180+0
voltvolf,cirilek,1-0,2013-01-01 09:11:58,420+3
aquatica,sayantan,0-1,2013-01-01 09:12:04,180+0
arabika2,eldorado,1-0,2013-01-01 09:12:49,1200+0
norb,mihasah,0-1,2013-01-01 09:13:03,480+8
dipankar,metrolog,0-1,2013-01-01 09:14:17,300+3
aquatica,sayantan,1/2-1/2,2013-01-01 09:15:06,180+0
jsalemal-55,andrandand,1-0,2013-01-01 09:17:10,900+12
traker100,sempes,1-0,2013-01-01 09:15:53,240+0
patan2003,good_good,0-1,2013-01-01 09:17:36,300+12
lalara,aquatica,1-0,2013-01-01 09:10:06,180+0
